{
        "petriNet":{
                "incidence_matrix":[
                                        [ 1 ,-1 , 0 , 0 , 0 , 0 , 0 , 0 , 0  ],
                                        [ 0 , 1 ,-1 , 0 , 0 , 0 , 0 , 0 , 0  ],
                                        [ 0 , 0 , 1 ,-1 , 0 , 0 , 0 , 0 , 0  ],
                                        [ 0 , 0 , 0 , 1 ,-1 , 0 , 0 , 0 , 0  ],
                                        [-1 , 0 , 0 , 0 , 1 , 0 , 0 , 0 , 0  ],
                                        [ 0 , 0 , 0 , 0 , 0 , 1 ,-1 , 0 , 0  ],
                                        [ 0 , 0 , 0 , 0 , 0 , 0 , 1 ,-1 , 0  ],
                                        [ 0 , 0 , 0 , 0 , 0 , 0 , 0 , 1 ,-1  ],
                                        [ 0 , 0 , 0 , 0 , 0 ,-1 , 0 , 0 , 1  ],
                                        [ 1 , 0 ,-1 , 0 , 0 , 0 , 0 , 0 , 0  ],
                                        [ 0 ,-1 , 1 , 0 , 0 , 0 ,-1 , 1 , 0  ]
                                   ],
                "init_marking" : [1, 0, 0, 0, 0, 1, 0, 0, 0, 1, 1],
                "alpha" : [0,7000,0,0,5000,0,0,0,3000],
                "inhib_matrix" : [
                                        [ 0 , 0 , 0 , 0 , 0 , 0 , 0 , 0, 0, 0, 0 ],
                                        [ 0 , 0 , 0 , 0 , 0 , 0 , 0 , 0, 0, 0, 0 ],
                                        [ 0 , 0 , 0 , 0 , 0 , 0 , 0 , 0, 0, 0, 0 ],
                                        [ 0 , 0 , 0 , 0 , 0 , 0 , 0 , 0, 0, 0, 0 ],
                                        [ 0 , 0 , 0 , 0 , 0 , 0 , 0 , 0, 0, 0, 0 ],
                                        [ 0 , 0 , 0 , 0 , 0 , 0 , 0 , 0, 0, 0, 0 ],
                                        [ 0 , 0 , 0 , 0 , 0 , 0 , 0 , 0, 0, 1, 0 ],
                                        [ 0 , 0 , 0 , 0 , 0 , 0 , 0 , 0, 0, 0, 0 ],
                                        [ 0 , 0 , 0 , 0 , 0 , 0 , 0 , 0, 0, 0, 0 ]
                                 ],
                "lector_matrix" : [
                                        [ 0 , 0 , 0 , 0 , 0 , 0 , 0 , 0, 0, 0, 0 ],
                                        [ 0 , 0 , 0 , 0 , 0 , 0 , 0 , 0, 0, 0, 0 ],
                                        [ 0 , 0 , 0 , 0 , 0 , 0 , 0 , 0, 0, 0, 0 ],
                                        [ 0 , 0 , 0 , 0 , 0 , 0 , 0 , 0, 0, 0, 0 ],
                                        [ 0 , 0 , 0 , 0 , 0 , 0 , 0 , 0, 0, 0, 0 ],
                                        [ 0 , 0 , 0 , 0 , 0 , 0 , 0 , 0, 0, 0, 0 ],
                                        [ 0 , 0 , 0 , 0 , 0 , 0 , 0 , 0, 0, 0, 0 ],
                                        [ 0 , 0 , 0 , 0 , 0 , 0 , 0 , 0, 0, 0, 0 ],
                                        [ 0 , 0 , 0 , 0 , 0 , 0 , 0 , 0, 0, 0, 0 ]
                                  ],

                "p_invariants_matrix" :  [
                                          [0, 1, 0, 0, 0, 0, 1, 0, 0, 0, 1]
                                        ],
                "p_invariants_vector" : [1]
        },
        "Triggers": {
                "T0" : {
                  "sequence" : [0],
                  "nt" : 100000
                },
                "T1" : {
                  "sequence" : [1],
                  "nt" : 100000
                },
                "T2" : {
                  "sequence" : [2],
                  "nt" : 100000
                },
                "T3" : {
                  "sequence" : [3],
                  "nt" : 100000
                },
                "T4" : {
                  "sequence" : [4],
                  "nt" : 100000
                },
                "T5" : {
                  "sequence" : [5],
                  "nt" : 100000
                },
                "T6" : {
                  "sequence" : [6],
                  "nt" : 100000
                },
                "T7" : {
                  "sequence" : [7],
                  "nt" : 100000
                },
                "T8" : {
                  "sequence" : [8],
                  "nt" : 100000
                }
        }
}
