{
        "petriNet":{
                "incidence_matrix":[
                                        [ 1 , 0 , 0 ,-1 , 0 , 0 , 0 , 0 , 0 , 0 ],
                                        [ 0 , 1 , 0 , 0 , 0 , 0 , 0 , 0 , 0 , 0 ],
                                        [ 0 , 0 , 1 , 0 ,-1 ,-1 , 0 , 0 , 0 , 0 ],
                                        [ 0 , 0 , 0 , 1 , 0 , 0 ,-1 , 0 , 0 , 0 ],
                                        [ 0 , 0 , 0 , 0 , 1 , 0 , 0 ,-1 , 0 , 0 ],
                                        [ 0 , 0 , 0 , 0 , 0 , 1 , 0 , 0 ,-1 , 0 ],
                                        [ 0 , 0 , 0 ,-1 ,-1 ,-1 , 1 , 1 , 1 , 0 ],
                                        [ 0 , 1 , 0 , 0 , 0 , 0 , 1 , 1 , 1 , 0 ]
                                   ],
                "init_marking" : [1, 2, 0, 0, 0, 0, 1, 0],
                "alpha" : [0,0,0,0,0,0,0,0,0,0],
                "inhib_matrix" : [
                                        [ 0 , 0 , 0 , 0 , 0 , 0 , 0 , 0  ],
                                        [ 0 , 0 , 0 , 0 , 0 , 0 , 0 , 0  ],
                                        [ 0 , 0 , 0 , 0 , 0 , 0 , 0 , 0  ],
                                        [ 0 , 0 , 0 , 0 , 0 , 0 , 0 , 0  ],
                                        [ 1 , 0 , 0 , 0 , 0 , 0 , 0 , 0  ],
                                        [ 1 , 0 , 0 , 0 , 0 , 0 , 0 , 0  ],
                                        [ 0 , 0 , 0 , 0 , 0 , 0 , 0 , 0  ],
                                        [ 0 , 0 , 0 , 0 , 0 , 0 , 0 , 0  ],
                                        [ 0 , 0 , 0 , 0 , 0 , 0 , 0 , 0  ],
                                        [ 0 , 0 , 0 , 0 , 0 , 0 , 0 , 0  ]
                                 ],
                "lector_matrix" : [
                                        [ 0 , 0 , 0 , 0 , 0 , 0 , 0 , 0  ],
                                        [ 0 , 0 , 0 , 0 , 0 , 0 , 0 , 0  ],
                                        [ 0 , 0 , 0 , 0 , 0 , 0 , 0 , 0  ],
                                        [ 0 , 0 , 0 , 0 , 0 , 0 , 0 , 0  ],
                                        [ 0 , 0 , 0 , 0 , 0 , 0 , 0 , 0  ],
                                        [ 0 , 1 , 0 , 0 , 0 , 0 , 0 , 0  ],
                                        [ 0 , 0 , 0 , 0 , 0 , 0 , 0 , 0  ],
                                        [ 0 , 0 , 0 , 0 , 0 , 0 , 0 , 0  ],
                                        [ 0 , 0 , 0 , 0 , 0 , 0 , 0 , 0  ],
                                        [ 0 , 0 , 0 , 0 , 0 , 0 , 0 , 0  ]
                                  ],
                "p_invariants_matrix" :  [
                                          [0,0,0,0,0,0,0,0],
                                          [0,0,0,0,0,0,0,0]
                                  ],
                "p_invariants_vector" : [0,0]
        },
        "Triggers": {
                "T0" : {
                  "sequence" : [0,1,2],
                  "nt" : 2
                },
                "T1" : {
                  "sequence" : [3,4,5],
                  "nt" : 2
                }
           }
}
