{
        "petriNet":{
                "incidence_matrix":[
                                        [-1,-1, 0, 0, 0, 0, 0, 1, 0, 0, 0, 0, 0, 0, 0, 0 ],
                                        [ 1, 1,-1, 0, 0, 0, 0, 0, 0, 0, 0, 0, 0, 0, 0, 0 ],
                                        [ 0, 0, 1,-1, 0, 0, 0, 0, 0, 0, 0, 0, 0, 0, 0, 0 ],
                                        [ 0, 0, 0, 1,-1, 0, 0, 0, 0, 0, 0, 0, 0, 0, 0, 0 ],
                                        [ 0, 0, 0, 0, 1, 0, 0, 0, 0, 0, 0, 0, 0, 0, 0,-1 ],
                                        [ 0, 0, 0, 0, 0, 1,-1, 0, 0, 0, 0, 0, 0, 0, 0, 0 ],
                                        [ 0, 0, 0, 0, 0, 0, 1,-1, 0, 0, 0, 0, 0, 0, 0, 0 ],
                                        [ 0, 0, 1, 0, 0, 0,-1, 0, 0, 0, 0, 0, 0, 0, 0, 0 ],
                                        [ 0, 0, 0, 0, 0, 0, 0, 0, 1, 0,-1, 0, 0, 0, 0, 0 ],
                                        [ 0, 0, 0, 0, 0, 0, 0, 0, 0, 1,-1, 0, 0, 0, 0, 0 ],
                                        [ 0, 0, 0, 0, 0, 0, 0, 0, 0, 0, 1,-1, 0, 0, 0, 0 ],
                                        [ 0, 0, 0, 0, 0, 0, 0, 0, 0,-1, 0, 1, 0, 0, 0, 0 ],
                                        [ 0, 0, 0, 0, 0, 0, 0, 0, 0, 0, 0, 0,-1, 1, 0, 0 ],
                                        [ 0, 0, 0, 0, 0, 0, 0, 0, 0, 0, 0, 0, 1, 0,-1, 0 ],
                                        [ 0, 0, 0, 0,-1, 0, 0, 0, 0, 0, 0, 0,-1, 0, 1, 1 ],
                                        [ 0, 0, 0, 1, 0,-1, 0, 0, 0, 0, 0, 0, 0, 0, 0, 0 ],
                                        [ 0, 0,-1, 0, 0, 0, 1, 0, 0, 0, 0, 0, 0, 0, 0, 0 ],
                                        [ 0, 0, 0, 0, 0,-1, 0, 0, 0, 0, 0, 0, 0, 0, 0, 1 ]

                                   ],
                "init_marking" : [ 0, 0, 0, 0, 0, 0, 1, 0, 20, 14, 5, 1, 5, 0, 1, 0, 1, 0],
                "alpha" : [0,0,0,0,6000,0,0,10000,3000,0,0,0,0,15000,0,4500],
                "inhib_matrix" : [
                                        [ 0, 0, 0, 0, 0, 0, 0, 0, 1, 0, 0, 0, 0, 0, 0, 0, 0, 0],
                                        [ 0, 0, 0, 0, 0, 0, 0, 0, 0, 1, 0, 0, 0, 0, 0, 0, 0, 0],
                                        [ 0, 0, 0, 0, 0, 0, 0, 0, 0, 0, 0, 0, 0, 0, 0, 0, 0, 0],
                                        [ 0, 0, 0, 0, 0, 0, 0, 0, 0, 0, 1, 0, 0, 0, 0, 0, 0, 0],
                                        [ 0, 0, 0, 0, 0, 0, 0, 0, 0, 0, 0, 0, 0, 0, 0, 0, 0, 0],
                                        [ 0, 0, 0, 0, 0, 0, 0, 0, 0, 0, 0, 0, 0, 0, 0, 0, 0, 0],
                                        [ 0, 0, 0, 0, 0, 0, 0, 0, 0, 0, 0, 0, 0, 0, 0, 0, 0, 0],
                                        [ 0, 0, 0, 0, 0, 0, 0, 0, 0, 0, 0, 0, 0, 0, 0, 0, 0, 0],
                                        [ 0, 0, 0, 0, 0, 0, 0, 0, 0, 0, 0, 0, 0, 0, 0, 0, 0, 0],
                                        [ 0, 0, 0, 0, 0, 0, 0, 1, 0, 0, 0, 0, 0, 0, 0, 0, 0, 0],
                                        [ 0, 0, 0, 0, 0, 0, 0, 1, 0, 0, 0, 0, 0, 0, 0, 0, 0, 0],
                                        [ 0, 0, 0, 0, 0, 0, 0, 0, 0, 0, 0, 0, 0, 0, 0, 0, 1, 0],
                                        [ 0, 0, 0, 0, 0, 0, 0, 0, 0, 0, 0, 0, 0, 0, 0, 1, 0, 0],
                                        [ 0, 0, 0, 0, 0, 0, 0, 0, 0, 0, 0, 0, 0, 0, 0, 0, 0, 0],
                                        [ 0, 0, 0, 0, 0, 0, 0, 0, 0, 0, 0, 0, 0, 0, 0, 0, 0, 0],
                                        [ 0, 0, 0, 0, 0, 0, 0, 0, 0, 0, 0, 0, 0, 0, 0, 0, 0, 0]
                                 ],
                "lector_matrix" : [
                                        [0,0,0,0,0,0,0,0,0,0,0,0,0,0,0,0,0,0],
                                        [0,0,0,0,0,0,0,0,0,0,0,0,0,0,0,0,0,0],
                                        [0,0,0,0,0,0,0,0,0,0,0,0,0,0,0,0,0,0],
                                        [0,0,0,0,0,0,0,0,0,0,0,0,0,0,0,0,0,0],
                                        [0,0,0,0,0,0,0,0,0,0,0,0,0,0,0,0,0,0],
                                        [0,0,0,0,0,0,0,0,0,0,0,0,0,0,0,0,0,0],
                                        [0,0,0,0,0,0,0,0,0,0,0,0,0,0,0,0,0,0],
                                        [0,0,0,0,0,0,0,0,0,0,0,0,0,0,0,0,0,0],
                                        [0,0,0,0,0,0,0,0,0,0,0,0,0,0,0,0,0,0],
                                        [0,0,0,0,0,0,0,0,0,0,0,0,0,0,0,0,0,0],
                                        [0,0,0,0,0,0,0,0,0,0,0,0,0,0,0,0,0,0],
                                        [0,0,0,0,0,0,0,0,0,0,0,0,0,0,0,0,0,0],
                                        [0,0,0,0,0,0,0,0,0,0,0,0,0,0,0,0,0,0],
                                        [0,0,0,0,0,0,0,0,0,0,0,0,0,0,0,0,0,0],
                                        [0,0,0,0,0,0,0,0,0,0,0,0,0,0,0,0,0,0],
                                        [0,0,0,0,0,0,0,0,0,0,0,0,0,0,0,0,0,0]
                                  ],
                "p_invariants_matrix" :  [
                                          [0,0,0,0,1,0,0,0,0,0,0,0,0,1,1,0,0,0],
                                          [0,0,0,0,0,0,0,0,0,1,1,1,0,0,0,0,0,0]
                                  ],
                "p_invariants_vector" : [1,20]
        },
        "Triggers": {
                "T0" : {
                  "sequence" : [0],
                  "nt" : 100000
                },
                "T1" : {
                  "sequence" : [1],
                  "nt" : 100000
                },
                "T2" : {
                  "sequence" : [2],
                  "nt" : 100000
                },
           
                "T3" : {
                  "sequence" : [3],
                  "nt" : 100000
                },
                "T4" : {
                  "sequence" : [4],
                  "nt" : 100000
                },
                "T5" : {
                  "sequence" : [5],
                  "nt" : 100000
                },
                "T6" : {
                  "sequence" : [6],
                  "nt" : 100000
                },
                "T7" : {
                  "sequence" : [7],
                  "nt" : 100000
                },
                "T8" : {
                  "sequence" : [8],
                  "nt" : 100000
                },
                "T9" : {
                  "sequence" : [9],
                  "nt" : 100000
                },
                "T10" : {
                  "sequence" : [10],
                  "nt" : 100000
                },
                "T11" : {
                  "sequence" : [11],
                  "nt" : 100000
                },
                "T12" : {
                  "sequence" : [12],
                  "nt" : 100000
                },
                "T13" : {
                  "sequence" : [13],
                  "nt" : 100000
                },
                "T14" : {
                  "sequence" : [14],
                  "nt" : 100000
                },
                "T15" : {
                  "sequence" : [15],
                  "nt" : 100000
                }
        },

        "Policy": {
                "priorities": [1,1,1,1,1,1,3,1,1,7,10,1,1,1,1,1],
                "next": -1,
                "mode": "HIGH_PRIO"
        }
}
