<?xml version="1.0" encoding="ISO-8859-1"?><pnml>
    <net id="Net-One" type="P/T net">
        <token id="Default" enabled="true" red="0" green="0" blue="0"/>
        <place id="P0">
            <graphics>
                <position x="195.0" y="270.0"/>
            </graphics>
            <name>
                <value>P0</value>
                <graphics>
                    <offset x="0.0" y="0.0"/>
                </graphics>
            </name>
            <initialMarking>
                <value>Default,0</value>
                <graphics>
                    <offset x="0.0" y="0.0"/>
                </graphics>
            </initialMarking>
            <capacity>
                <value>0</value>
            </capacity>
        </place>
        <place id="P1">
            <graphics>
                <position x="360.0" y="270.0"/>
            </graphics>
            <name>
                <value>P1</value>
                <graphics>
                    <offset x="22.0" y="-13.0"/>
                </graphics>
            </name>
            <initialMarking>
                <value>Default,0</value>
                <graphics>
                    <offset x="0.0" y="0.0"/>
                </graphics>
            </initialMarking>
            <capacity>
                <value>0</value>
            </capacity>
        </place>
        <place id="P10 (P.NVOS)">
            <graphics>
                <position x="690.0" y="540.0"/>
            </graphics>
            <name>
                <value>P10 (P.NVOS)</value>
                <graphics>
                    <offset x="55.0" y="41.0"/>
                </graphics>
            </name>
            <initialMarking>
                <value>Default,5</value>
                <graphics>
                    <offset x="0.0" y="0.0"/>
                </graphics>
            </initialMarking>
            <capacity>
                <value>0</value>
            </capacity>
        </place>
        <place id="P11(LUG. OCUPADOS)">
            <graphics>
                <position x="690.0" y="420.0"/>
            </graphics>
            <name>
                <value>P11(LUG. OCUPADOS)</value>
                <graphics>
                    <offset x="75.0" y="0.0"/>
                </graphics>
            </name>
            <initialMarking>
                <value>Default,1</value>
                <graphics>
                    <offset x="0.0" y="0.0"/>
                </graphics>
            </initialMarking>
            <capacity>
                <value>0</value>
            </capacity>
        </place>
        <place id="P12">
            <graphics>
                <position x="525.0" y="45.0"/>
            </graphics>
            <name>
                <value>P12</value>
                <graphics>
                    <offset x="0.0" y="0.0"/>
                </graphics>
            </name>
            <initialMarking>
                <value>Default,5</value>
                <graphics>
                    <offset x="0.0" y="0.0"/>
                </graphics>
            </initialMarking>
            <capacity>
                <value>0</value>
            </capacity>
        </place>
        <place id="P13">
            <graphics>
                <position x="810.0" y="45.0"/>
            </graphics>
            <name>
                <value>P13</value>
                <graphics>
                    <offset x="0.0" y="0.0"/>
                </graphics>
            </name>
            <initialMarking>
                <value>Default,0</value>
                <graphics>
                    <offset x="0.0" y="0.0"/>
                </graphics>
            </initialMarking>
            <capacity>
                <value>0</value>
            </capacity>
        </place>
        <place id="P14(ESTACION)">
            <graphics>
                <position x="690.0" y="135.0"/>
            </graphics>
            <name>
                <value>P14(ESTACION)</value>
                <graphics>
                    <offset x="91.0" y="42.0"/>
                </graphics>
            </name>
            <initialMarking>
                <value>Default,1</value>
                <graphics>
                    <offset x="0.0" y="0.0"/>
                </graphics>
            </initialMarking>
            <capacity>
                <value>0</value>
            </capacity>
        </place>
        <place id="P15">
            <graphics>
                <position x="570.0" y="135.0"/>
            </graphics>
            <name>
                <value>P15</value>
                <graphics>
                    <offset x="0.0" y="0.0"/>
                </graphics>
            </name>
            <initialMarking>
                <value>Default,0</value>
                <graphics>
                    <offset x="0.0" y="0.0"/>
                </graphics>
            </initialMarking>
            <capacity>
                <value>0</value>
            </capacity>
        </place>
        <place id="P16">
            <graphics>
                <position x="315.0" y="510.0"/>
            </graphics>
            <name>
                <value>P16</value>
                <graphics>
                    <offset x="0.0" y="0.0"/>
                </graphics>
            </name>
            <initialMarking>
                <value>Default,1</value>
                <graphics>
                    <offset x="0.0" y="0.0"/>
                </graphics>
            </initialMarking>
            <capacity>
                <value>0</value>
            </capacity>
        </place>
        <place id="P17">
            <graphics>
                <position x="810.0" y="270.0"/>
            </graphics>
            <name>
                <value>P17</value>
                <graphics>
                    <offset x="0.0" y="0.0"/>
                </graphics>
            </name>
            <initialMarking>
                <value>Default,0</value>
                <graphics>
                    <offset x="0.0" y="0.0"/>
                </graphics>
            </initialMarking>
            <capacity>
                <value>0</value>
            </capacity>
        </place>
        <place id="P2">
            <graphics>
                <position x="510.0" y="270.0"/>
            </graphics>
            <name>
                <value>P2</value>
                <graphics>
                    <offset x="0.0" y="0.0"/>
                </graphics>
            </name>
            <initialMarking>
                <value>Default,0</value>
                <graphics>
                    <offset x="0.0" y="0.0"/>
                </graphics>
            </initialMarking>
            <capacity>
                <value>0</value>
            </capacity>
        </place>
        <place id="P3">
            <graphics>
                <position x="615.0" y="270.0"/>
            </graphics>
            <name>
                <value>P3</value>
                <graphics>
                    <offset x="0.0" y="0.0"/>
                </graphics>
            </name>
            <initialMarking>
                <value>Default,0</value>
                <graphics>
                    <offset x="0.0" y="0.0"/>
                </graphics>
            </initialMarking>
            <capacity>
                <value>0</value>
            </capacity>
        </place>
        <place id="P4">
            <graphics>
                <position x="720.0" y="270.0"/>
            </graphics>
            <name>
                <value>P4</value>
                <graphics>
                    <offset x="0.0" y="0.0"/>
                </graphics>
            </name>
            <initialMarking>
                <value>Default,0</value>
                <graphics>
                    <offset x="0.0" y="0.0"/>
                </graphics>
            </initialMarking>
            <capacity>
                <value>0</value>
            </capacity>
        </place>
        <place id="P5">
            <graphics>
                <position x="930.0" y="270.0"/>
            </graphics>
            <name>
                <value>P5</value>
                <graphics>
                    <offset x="0.0" y="0.0"/>
                </graphics>
            </name>
            <initialMarking>
                <value>Default,0</value>
                <graphics>
                    <offset x="0.0" y="0.0"/>
                </graphics>
            </initialMarking>
            <capacity>
                <value>0</value>
            </capacity>
        </place>
        <place id="P6">
            <graphics>
                <position x="90.0" y="390.0"/>
            </graphics>
            <name>
                <value>P6</value>
                <graphics>
                    <offset x="0.0" y="0.0"/>
                </graphics>
            </name>
            <initialMarking>
                <value>Default,1</value>
                <graphics>
                    <offset x="0.0" y="0.0"/>
                </graphics>
            </initialMarking>
            <capacity>
                <value>0</value>
            </capacity>
        </place>
        <place id="P7(ESTACION)">
            <graphics>
                <position x="210.0" y="405.0"/>
            </graphics>
            <name>
                <value>P7(ESTACION)</value>
                <graphics>
                    <offset x="53.0" y="-5.0"/>
                </graphics>
            </name>
            <initialMarking>
                <value>Default,0</value>
                <graphics>
                    <offset x="0.0" y="0.0"/>
                </graphics>
            </initialMarking>
            <capacity>
                <value>0</value>
            </capacity>
        </place>
        <place id="P8">
            <graphics>
                <position x="825.0" y="495.0"/>
            </graphics>
            <name>
                <value>P8</value>
                <graphics>
                    <offset x="25.0" y="-7.0"/>
                </graphics>
            </name>
            <initialMarking>
                <value>Default,1</value>
                <graphics>
                    <offset x="0.0" y="0.0"/>
                </graphics>
            </initialMarking>
            <capacity>
                <value>0</value>
            </capacity>
        </place>
        <place id="P9(LUG. VACIOS)">
            <graphics>
                <position x="690.0" y="360.0"/>
            </graphics>
            <name>
                <value>P9(LUG. VACIOS)</value>
                <graphics>
                    <offset x="123.0" y="-6.0"/>
                </graphics>
            </name>
            <initialMarking>
                <value>Default,14</value>
                <graphics>
                    <offset x="0.0" y="0.0"/>
                </graphics>
            </initialMarking>
            <capacity>
                <value>0</value>
            </capacity>
        </place>
        <transition id="T0">
            <graphics>
                <position x="285.0" y="210.0"/>
            </graphics>
            <name>
                <value>T0</value>
                <graphics>
                    <offset x="5.0" y="10.0"/>
                </graphics>
            </name>
            <orientation>
                <value>0</value>
            </orientation>
            <rate>
                <value>1.0</value>
            </rate>
            <timed>
                <value>false</value>
            </timed>
            <infiniteServer>
                <value>false</value>
            </infiniteServer>
            <priority>
                <value>1</value>
            </priority>
        </transition>
        <transition id="T1">
            <graphics>
                <position x="285.0" y="315.0"/>
            </graphics>
            <name>
                <value>T1</value>
                <graphics>
                    <offset x="-5.0" y="35.0"/>
                </graphics>
            </name>
            <orientation>
                <value>0</value>
            </orientation>
            <rate>
                <value>1.0</value>
            </rate>
            <timed>
                <value>false</value>
            </timed>
            <infiniteServer>
                <value>false</value>
            </infiniteServer>
            <priority>
                <value>1</value>
            </priority>
        </transition>
        <transition id="T10">
            <graphics>
                <position x="765.0" y="450.0"/>
            </graphics>
            <name>
                <value>T10</value>
                <graphics>
                    <offset x="-5.0" y="35.0"/>
                </graphics>
            </name>
            <orientation>
                <value>0</value>
            </orientation>
            <rate>
                <value>1.0</value>
            </rate>
            <timed>
                <value>false</value>
            </timed>
            <infiniteServer>
                <value>false</value>
            </infiniteServer>
            <priority>
                <value>1</value>
            </priority>
        </transition>
        <transition id="T11">
            <graphics>
                <position x="690.0" y="480.0"/>
            </graphics>
            <name>
                <value>T11</value>
                <graphics>
                    <offset x="-5.0" y="35.0"/>
                </graphics>
            </name>
            <orientation>
                <value>90</value>
            </orientation>
            <rate>
                <value>1.0</value>
            </rate>
            <timed>
                <value>false</value>
            </timed>
            <infiniteServer>
                <value>false</value>
            </infiniteServer>
            <priority>
                <value>1</value>
            </priority>
        </transition>
        <transition id="T12">
            <graphics>
                <position x="675.0" y="45.0"/>
            </graphics>
            <name>
                <value>T12</value>
                <graphics>
                    <offset x="26.0" y="-7.0"/>
                </graphics>
            </name>
            <orientation>
                <value>0</value>
            </orientation>
            <rate>
                <value>1.0</value>
            </rate>
            <timed>
                <value>false</value>
            </timed>
            <infiniteServer>
                <value>false</value>
            </infiniteServer>
            <priority>
                <value>1</value>
            </priority>
        </transition>
        <transition id="T13(GEN AUTOS)">
            <graphics>
                <position x="405.0" y="45.0"/>
            </graphics>
            <name>
                <value>T13(GEN AUTOS)</value>
                <graphics>
                    <offset x="58.0" y="49.0"/>
                </graphics>
            </name>
            <orientation>
                <value>0</value>
            </orientation>
            <rate>
                <value>1.0</value>
            </rate>
            <timed>
                <value>false</value>
            </timed>
            <infiniteServer>
                <value>false</value>
            </infiniteServer>
            <priority>
                <value>1</value>
            </priority>
        </transition>
        <transition id="T14">
            <graphics>
                <position x="975.0" y="45.0"/>
            </graphics>
            <name>
                <value>T14</value>
                <graphics>
                    <offset x="-5.0" y="35.0"/>
                </graphics>
            </name>
            <orientation>
                <value>0</value>
            </orientation>
            <rate>
                <value>1.0</value>
            </rate>
            <timed>
                <value>false</value>
            </timed>
            <infiniteServer>
                <value>false</value>
            </infiniteServer>
            <priority>
                <value>1</value>
            </priority>
        </transition>
        <transition id="T15">
            <graphics>
                <position x="765.0" y="270.0"/>
            </graphics>
            <name>
                <value>T15</value>
                <graphics>
                    <offset x="-5.0" y="35.0"/>
                </graphics>
            </name>
            <orientation>
                <value>0</value>
            </orientation>
            <rate>
                <value>1.0</value>
            </rate>
            <timed>
                <value>false</value>
            </timed>
            <infiniteServer>
                <value>false</value>
            </infiniteServer>
            <priority>
                <value>1</value>
            </priority>
        </transition>
        <transition id="T2">
            <graphics>
                <position x="435.0" y="270.0"/>
            </graphics>
            <name>
                <value>T2</value>
                <graphics>
                    <offset x="-5.0" y="35.0"/>
                </graphics>
            </name>
            <orientation>
                <value>0</value>
            </orientation>
            <rate>
                <value>1.0</value>
            </rate>
            <timed>
                <value>false</value>
            </timed>
            <infiniteServer>
                <value>false</value>
            </infiniteServer>
            <priority>
                <value>1</value>
            </priority>
        </transition>
        <transition id="T3">
            <graphics>
                <position x="570.0" y="270.0"/>
            </graphics>
            <name>
                <value>T3</value>
                <graphics>
                    <offset x="-5.0" y="35.0"/>
                </graphics>
            </name>
            <orientation>
                <value>0</value>
            </orientation>
            <rate>
                <value>1.0</value>
            </rate>
            <timed>
                <value>false</value>
            </timed>
            <infiniteServer>
                <value>false</value>
            </infiniteServer>
            <priority>
                <value>1</value>
            </priority>
        </transition>
        <transition id="T4(TREN VIAJANDO)">
            <graphics>
                <position x="675.0" y="270.0"/>
            </graphics>
            <name>
                <value>T4(TREN VIAJANDO)</value>
                <graphics>
                    <offset x="68.0" y="49.0"/>
                </graphics>
            </name>
            <orientation>
                <value>0</value>
            </orientation>
            <rate>
                <value>1.0</value>
            </rate>
            <timed>
                <value>false</value>
            </timed>
            <infiniteServer>
                <value>false</value>
            </infiniteServer>
            <priority>
                <value>1</value>
            </priority>
        </transition>
        <transition id="T5">
            <graphics>
                <position x="855.0" y="270.0"/>
            </graphics>
            <name>
                <value>T5</value>
                <graphics>
                    <offset x="-5.0" y="35.0"/>
                </graphics>
            </name>
            <orientation>
                <value>0</value>
            </orientation>
            <rate>
                <value>1.0</value>
            </rate>
            <timed>
                <value>false</value>
            </timed>
            <infiniteServer>
                <value>false</value>
            </infiniteServer>
            <priority>
                <value>1</value>
            </priority>
        </transition>
        <transition id="T6">
            <graphics>
                <position x="90.0" y="525.0"/>
            </graphics>
            <name>
                <value>T6</value>
                <graphics>
                    <offset x="-5.0" y="35.0"/>
                </graphics>
            </name>
            <orientation>
                <value>90</value>
            </orientation>
            <rate>
                <value>1.0</value>
            </rate>
            <timed>
                <value>false</value>
            </timed>
            <infiniteServer>
                <value>false</value>
            </infiniteServer>
            <priority>
                <value>1</value>
            </priority>
        </transition>
        <transition id="T7(ESPERA DEL TREN)">
            <graphics>
                <position x="90.0" y="270.0"/>
            </graphics>
            <name>
                <value>T7(ESPERA DEL TREN)</value>
                <graphics>
                    <offset x="47.0" y="-6.0"/>
                </graphics>
            </name>
            <orientation>
                <value>135</value>
            </orientation>
            <rate>
                <value>100.0</value>
            </rate>
            <timed>
                <value>false</value>
            </timed>
            <infiniteServer>
                <value>false</value>
            </infiniteServer>
            <priority>
                <value>1</value>
            </priority>
        </transition>
        <transition id="T8(GEN. PERSONAS)">
            <graphics>
                <position x="885.0" y="495.0"/>
            </graphics>
            <name>
                <value>T8(GEN. PERSONAS)</value>
                <graphics>
                    <offset x="72.0" y="49.0"/>
                </graphics>
            </name>
            <orientation>
                <value>0</value>
            </orientation>
            <rate>
                <value>1.0</value>
            </rate>
            <timed>
                <value>false</value>
            </timed>
            <infiniteServer>
                <value>false</value>
            </infiniteServer>
            <priority>
                <value>1</value>
            </priority>
        </transition>
        <transition id="T9 (BAJAR)">
            <graphics>
                <position x="570.0" y="465.0"/>
            </graphics>
            <name>
                <value>T9 (BAJAR)</value>
                <graphics>
                    <offset x="56.0" y="47.0"/>
                </graphics>
            </name>
            <orientation>
                <value>0</value>
            </orientation>
            <rate>
                <value>1.0</value>
            </rate>
            <timed>
                <value>false</value>
            </timed>
            <infiniteServer>
                <value>false</value>
            </infiniteServer>
            <priority>
                <value>1</value>
            </priority>
        </transition>
        <arc id="P0 to T0" source="P0" target="T0">
            <graphics/>
            <inscription>
                <value>Default,1</value>
                <graphics/>
            </inscription>
            <tagged>
                <value>false</value>
            </tagged>
            <arcpath id="000" x="219" y="273" curvePoint="false"/>
            <arcpath id="001" x="291" y="222" curvePoint="false"/>
            <type value="normal"/>
        </arc>
        <arc id="P0 to T1" source="P0" target="T1">
            <graphics/>
            <inscription>
                <value>Default,1</value>
                <graphics/>
            </inscription>
            <tagged>
                <value>false</value>
            </tagged>
            <arcpath id="000" x="220" y="289" curvePoint="false"/>
            <arcpath id="001" x="291" y="327" curvePoint="false"/>
            <type value="normal"/>
        </arc>
        <arc id="P10 (P.NVOS) to T11" source="P10 (P.NVOS)" target="T11">
            <graphics/>
            <inscription>
                <value>Default,1</value>
                <graphics/>
            </inscription>
            <tagged>
                <value>false</value>
            </tagged>
            <arcpath id="000" x="701" y="537" curvePoint="false"/>
            <arcpath id="001" x="701" y="496" curvePoint="false"/>
            <type value="normal"/>
        </arc>
        <arc id="P10 (P.NVOS) to T3" source="P10 (P.NVOS)" target="T3">
            <graphics/>
            <inscription>
                <value/>
                <graphics/>
            </inscription>
            <tagged>
                <value/>
            </tagged>
            <arcpath id="000" x="687" y="552" curvePoint="false"/>
            <arcpath id="001" x="555" y="555" curvePoint="false"/>
            <arcpath id="002" x="555" y="315" curvePoint="false"/>
            <arcpath id="003" x="585" y="315" curvePoint="false"/>
            <arcpath id="004" x="582" y="297" curvePoint="false"/>
            <type value="inhibitor"/>
        </arc>
        <arc id="P11(LUG. OCUPADOS) to T9 (BAJAR)" source="P11(LUG. OCUPADOS)" target="T9 (BAJAR)">
            <graphics/>
            <inscription>
                <value>Default,1</value>
                <graphics/>
            </inscription>
            <tagged>
                <value>false</value>
            </tagged>
            <arcpath id="000" x="687" y="432" curvePoint="false"/>
            <arcpath id="001" x="629" y="435" curvePoint="false"/>
            <arcpath id="002" x="629" y="479" curvePoint="false"/>
            <arcpath id="003" x="586" y="477" curvePoint="false"/>
            <type value="normal"/>
        </arc>
        <arc id="P12 to T12" source="P12" target="T12">
            <graphics/>
            <inscription>
                <value>Default,1</value>
                <graphics/>
            </inscription>
            <tagged>
                <value>false</value>
            </tagged>
            <arcpath id="000" x="551" y="57" curvePoint="false"/>
            <arcpath id="001" x="682" y="52" curvePoint="false"/>
            <type value="normal"/>
        </arc>
        <arc id="P13 to T14" source="P13" target="T14">
            <graphics/>
            <inscription>
                <value>Default,1</value>
                <graphics/>
            </inscription>
            <tagged>
                <value>false</value>
            </tagged>
            <arcpath id="000" x="836" y="57" curvePoint="false"/>
            <arcpath id="001" x="981" y="57" curvePoint="false"/>
            <type value="normal"/>
        </arc>
        <arc id="P14(ESTACION) to T12" source="P14(ESTACION)" target="T12">
            <graphics/>
            <inscription>
                <value>Default,1</value>
                <graphics/>
            </inscription>
            <tagged>
                <value>false</value>
            </tagged>
            <arcpath id="000" x="703" y="132" curvePoint="false"/>
            <arcpath id="001" x="705" y="105" curvePoint="false"/>
            <arcpath id="002" x="689" y="105" curvePoint="false"/>
            <arcpath id="003" x="687" y="72" curvePoint="false"/>
            <type value="normal"/>
        </arc>
        <arc id="P14(ESTACION) to T4(TREN VIAJANDO)" source="P14(ESTACION)" target="T4(TREN VIAJANDO)">
            <graphics/>
            <inscription>
                <value>Default,1</value>
                <graphics/>
            </inscription>
            <tagged>
                <value>false</value>
            </tagged>
            <arcpath id="000" x="687" y="148" curvePoint="false"/>
            <arcpath id="001" x="675" y="149" curvePoint="false"/>
            <arcpath id="002" x="675" y="269" curvePoint="false"/>
            <arcpath id="003" x="682" y="277" curvePoint="false"/>
            <type value="normal"/>
        </arc>
        <arc id="P15 to T12" source="P15" target="T12">
            <graphics/>
            <inscription>
                <value/>
                <graphics/>
            </inscription>
            <tagged>
                <value/>
            </tagged>
            <arcpath id="000" x="582" y="132" curvePoint="false"/>
            <arcpath id="001" x="585" y="89" curvePoint="false"/>
            <arcpath id="002" x="681" y="62" curvePoint="false"/>
            <type value="inhibitor"/>
        </arc>
        <arc id="P15 to T5" source="P15" target="T5">
            <graphics/>
            <inscription>
                <value>Default,1</value>
                <graphics/>
            </inscription>
            <tagged>
                <value>false</value>
            </tagged>
            <arcpath id="000" x="594" y="139" curvePoint="false"/>
            <arcpath id="001" x="629" y="119" curvePoint="false"/>
            <arcpath id="002" x="825" y="119" curvePoint="false"/>
            <arcpath id="003" x="825" y="239" curvePoint="false"/>
            <arcpath id="004" x="862" y="277" curvePoint="false"/>
            <type value="normal"/>
        </arc>
        <arc id="P16 to T11" source="P16" target="T11">
            <graphics/>
            <inscription>
                <value/>
                <graphics/>
            </inscription>
            <tagged>
                <value/>
            </tagged>
            <arcpath id="000" x="341" y="520" curvePoint="false"/>
            <arcpath id="001" x="686" y="492" curvePoint="false"/>
            <type value="inhibitor"/>
        </arc>
        <arc id="P16 to T2" source="P16" target="T2">
            <graphics/>
            <inscription>
                <value>Default,1</value>
                <graphics/>
            </inscription>
            <tagged>
                <value>false</value>
            </tagged>
            <arcpath id="000" x="334" y="508" curvePoint="false"/>
            <arcpath id="001" x="447" y="297" curvePoint="false"/>
            <type value="normal"/>
        </arc>
        <arc id="P17 to T5" source="P17" target="T5">
            <graphics/>
            <inscription>
                <value>Default,1</value>
                <graphics/>
            </inscription>
            <tagged>
                <value>false</value>
            </tagged>
            <arcpath id="000" x="836" y="284" curvePoint="false"/>
            <arcpath id="001" x="861" y="287" curvePoint="false"/>
            <type value="normal"/>
        </arc>
        <arc id="P1 to T2" source="P1" target="T2">
            <graphics/>
            <inscription>
                <value>Default,1</value>
                <graphics/>
            </inscription>
            <tagged>
                <value>false</value>
            </tagged>
            <arcpath id="000" x="386" y="282" curvePoint="false"/>
            <arcpath id="001" x="441" y="282" curvePoint="false"/>
            <type value="normal"/>
        </arc>
        <arc id="P2 to T3" source="P2" target="T3">
            <graphics/>
            <inscription>
                <value>Default,1</value>
                <graphics/>
            </inscription>
            <tagged>
                <value>false</value>
            </tagged>
            <arcpath id="000" x="536" y="282" curvePoint="false"/>
            <arcpath id="001" x="576" y="282" curvePoint="false"/>
            <type value="normal"/>
        </arc>
        <arc id="P3 to T4(TREN VIAJANDO)" source="P3" target="T4(TREN VIAJANDO)">
            <graphics/>
            <inscription>
                <value>Default,1</value>
                <graphics/>
            </inscription>
            <tagged>
                <value>false</value>
            </tagged>
            <arcpath id="000" x="641" y="283" curvePoint="false"/>
            <arcpath id="001" x="681" y="287" curvePoint="false"/>
            <type value="normal"/>
        </arc>
        <arc id="P4 to T15" source="P4" target="T15">
            <graphics/>
            <inscription>
                <value>Default,1</value>
                <graphics/>
            </inscription>
            <tagged>
                <value>false</value>
            </tagged>
            <arcpath id="000" x="746" y="282" curvePoint="false"/>
            <arcpath id="001" x="771" y="282" curvePoint="false"/>
            <type value="normal"/>
        </arc>
        <arc id="P5 to T6" source="P5" target="T6">
            <graphics/>
            <inscription>
                <value>Default,1</value>
                <graphics/>
            </inscription>
            <tagged>
                <value>false</value>
            </tagged>
            <arcpath id="000" x="942" y="296" curvePoint="false"/>
            <arcpath id="001" x="945" y="585" curvePoint="false"/>
            <arcpath id="002" x="105" y="585" curvePoint="false"/>
            <arcpath id="003" x="96" y="541" curvePoint="false"/>
            <type value="normal"/>
        </arc>
        <arc id="P6 to T7(ESPERA DEL TREN)" source="P6" target="T7(ESPERA DEL TREN)">
            <graphics/>
            <inscription>
                <value>Default,1</value>
                <graphics/>
            </inscription>
            <tagged>
                <value>false</value>
            </tagged>
            <arcpath id="000" x="101" y="387" curvePoint="false"/>
            <arcpath id="001" x="98" y="285" curvePoint="false"/>
            <type value="normal"/>
        </arc>
        <arc id="P7(ESTACION) to T10" source="P7(ESTACION)" target="T10">
            <graphics/>
            <inscription>
                <value/>
                <graphics/>
            </inscription>
            <tagged>
                <value/>
            </tagged>
            <arcpath id="000" x="236" y="416" curvePoint="false"/>
            <arcpath id="001" x="479" y="405" curvePoint="false"/>
            <arcpath id="002" x="779" y="405" curvePoint="false"/>
            <arcpath id="003" x="777" y="447" curvePoint="false"/>
            <type value="inhibitor"/>
        </arc>
        <arc id="P7(ESTACION) to T6" source="P7(ESTACION)" target="T6">
            <graphics/>
            <inscription>
                <value>Default,1</value>
                <graphics/>
            </inscription>
            <tagged>
                <value>false</value>
            </tagged>
            <arcpath id="000" x="222" y="431" curvePoint="false"/>
            <arcpath id="001" x="225" y="569" curvePoint="false"/>
            <arcpath id="002" x="119" y="569" curvePoint="false"/>
            <arcpath id="003" x="106" y="542" curvePoint="false"/>
            <type value="normal"/>
        </arc>
        <arc id="P7(ESTACION) to T9 (BAJAR)" source="P7(ESTACION)" target="T9 (BAJAR)">
            <graphics/>
            <inscription>
                <value/>
                <graphics/>
            </inscription>
            <tagged>
                <value/>
            </tagged>
            <arcpath id="000" x="236" y="420" curvePoint="false"/>
            <arcpath id="001" x="479" y="479" curvePoint="false"/>
            <arcpath id="002" x="576" y="477" curvePoint="false"/>
            <type value="inhibitor"/>
        </arc>
        <arc id="P8 to T0" source="P8" target="T0">
            <graphics/>
            <inscription>
                <value/>
                <graphics/>
            </inscription>
            <tagged>
                <value/>
            </tagged>
            <arcpath id="000" x="837" y="521" curvePoint="false"/>
            <arcpath id="001" x="839" y="555" curvePoint="false"/>
            <arcpath id="002" x="989" y="555" curvePoint="false"/>
            <arcpath id="003" x="989" y="195" curvePoint="false"/>
            <arcpath id="004" x="299" y="195" curvePoint="false"/>
            <arcpath id="005" x="297" y="207" curvePoint="false"/>
            <type value="inhibitor"/>
        </arc>
        <arc id="P8 to T10" source="P8" target="T10">
            <graphics/>
            <inscription>
                <value>Default,1</value>
                <graphics/>
            </inscription>
            <tagged>
                <value>false</value>
            </tagged>
            <arcpath id="000" x="825" y="497" curvePoint="false"/>
            <arcpath id="001" x="781" y="467" curvePoint="false"/>
            <type value="normal"/>
        </arc>
        <arc id="P9(LUG. VACIOS) to T1" source="P9(LUG. VACIOS)" target="T1">
            <graphics/>
            <inscription>
                <value/>
                <graphics/>
            </inscription>
            <tagged>
                <value/>
            </tagged>
            <arcpath id="000" x="703" y="357" curvePoint="false"/>
            <arcpath id="001" x="705" y="345" curvePoint="false"/>
            <arcpath id="002" x="299" y="359" curvePoint="false"/>
            <arcpath id="003" x="297" y="342" curvePoint="false"/>
            <type value="inhibitor"/>
        </arc>
        <arc id="P9(LUG. VACIOS) to T10" source="P9(LUG. VACIOS)" target="T10">
            <graphics/>
            <inscription>
                <value>Default,1</value>
                <graphics/>
            </inscription>
            <tagged>
                <value>false</value>
            </tagged>
            <arcpath id="000" x="716" y="372" curvePoint="false"/>
            <arcpath id="001" x="839" y="375" curvePoint="false"/>
            <arcpath id="002" x="839" y="449" curvePoint="false"/>
            <arcpath id="003" x="782" y="457" curvePoint="false"/>
            <type value="normal"/>
        </arc>
        <arc id="T0 to P1" source="T0" target="P1">
            <graphics/>
            <inscription>
                <value>Default,1</value>
                <graphics/>
            </inscription>
            <tagged>
                <value>false</value>
            </tagged>
            <arcpath id="000" x="301" y="222" curvePoint="false"/>
            <arcpath id="001" x="360" y="272" curvePoint="false"/>
            <type value="normal"/>
        </arc>
        <arc id="T10 to P10 (P.NVOS)" source="T10" target="P10 (P.NVOS)">
            <graphics/>
            <inscription>
                <value>Default,1</value>
                <graphics/>
            </inscription>
            <tagged>
                <value>false</value>
            </tagged>
            <arcpath id="000" x="777" y="477" curvePoint="false"/>
            <arcpath id="001" x="779" y="555" curvePoint="false"/>
            <arcpath id="002" x="716" y="552" curvePoint="false"/>
            <type value="normal"/>
        </arc>
        <arc id="T11 to P11(LUG. OCUPADOS)" source="T11" target="P11(LUG. OCUPADOS)">
            <graphics/>
            <inscription>
                <value>Default,1</value>
                <graphics/>
            </inscription>
            <tagged>
                <value>false</value>
            </tagged>
            <arcpath id="000" x="701" y="486" curvePoint="false"/>
            <arcpath id="001" x="701" y="446" curvePoint="false"/>
            <type value="normal"/>
        </arc>
        <arc id="T12 to P13" source="T12" target="P13">
            <graphics/>
            <inscription>
                <value>Default,1</value>
                <graphics/>
            </inscription>
            <tagged>
                <value>false</value>
            </tagged>
            <arcpath id="000" x="691" y="57" curvePoint="false"/>
            <arcpath id="001" x="807" y="57" curvePoint="false"/>
            <type value="normal"/>
        </arc>
        <arc id="T13(GEN AUTOS) to P12" source="T13(GEN AUTOS)" target="P12">
            <graphics/>
            <inscription>
                <value>Default,1</value>
                <graphics/>
            </inscription>
            <tagged>
                <value>false</value>
            </tagged>
            <arcpath id="000" x="421" y="57" curvePoint="false"/>
            <arcpath id="001" x="522" y="57" curvePoint="false"/>
            <type value="normal"/>
        </arc>
        <arc id="T14 to P14(ESTACION)" source="T14" target="P14(ESTACION)">
            <graphics/>
            <inscription>
                <value>Default,1</value>
                <graphics/>
            </inscription>
            <tagged>
                <value>false</value>
            </tagged>
            <arcpath id="000" x="987" y="72" curvePoint="false"/>
            <arcpath id="001" x="999" y="99" curvePoint="false"/>
            <arcpath id="002" x="749" y="99" curvePoint="false"/>
            <arcpath id="003" x="712" y="136" curvePoint="false"/>
            <type value="normal"/>
        </arc>
        <arc id="T15 to P14(ESTACION)" source="T15" target="P14(ESTACION)">
            <graphics/>
            <inscription>
                <value>Default,1</value>
                <graphics/>
            </inscription>
            <tagged>
                <value>false</value>
            </tagged>
            <arcpath id="000" x="777" y="267" curvePoint="false"/>
            <arcpath id="001" x="779" y="149" curvePoint="false"/>
            <arcpath id="002" x="716" y="147" curvePoint="false"/>
            <type value="normal"/>
        </arc>
        <arc id="T15 to P17" source="T15" target="P17">
            <graphics/>
            <inscription>
                <value>Default,1</value>
                <graphics/>
            </inscription>
            <tagged>
                <value>false</value>
            </tagged>
            <arcpath id="000" x="781" y="282" curvePoint="false"/>
            <arcpath id="001" x="807" y="282" curvePoint="false"/>
            <type value="normal"/>
        </arc>
        <arc id="T1 to P1" source="T1" target="P1">
            <graphics/>
            <inscription>
                <value>Default,1</value>
                <graphics/>
            </inscription>
            <tagged>
                <value>false</value>
            </tagged>
            <arcpath id="000" x="301" y="327" curvePoint="false"/>
            <arcpath id="001" x="359" y="290" curvePoint="false"/>
            <type value="normal"/>
        </arc>
        <arc id="T2 to P2" source="T2" target="P2">
            <graphics/>
            <inscription>
                <value>Default,1</value>
                <graphics/>
            </inscription>
            <tagged>
                <value>false</value>
            </tagged>
            <arcpath id="000" x="451" y="282" curvePoint="false"/>
            <arcpath id="001" x="507" y="282" curvePoint="false"/>
            <type value="normal"/>
        </arc>
        <arc id="T2 to P7(ESTACION)" source="T2" target="P7(ESTACION)">
            <graphics/>
            <inscription>
                <value>Default,1</value>
                <graphics/>
            </inscription>
            <tagged>
                <value>false</value>
            </tagged>
            <arcpath id="000" x="447" y="297" curvePoint="false"/>
            <arcpath id="001" x="449" y="419" curvePoint="false"/>
            <arcpath id="002" x="236" y="417" curvePoint="false"/>
            <type value="normal"/>
        </arc>
        <arc id="T3 to P15" source="T3" target="P15">
            <graphics/>
            <inscription>
                <value>Default,1</value>
                <graphics/>
            </inscription>
            <tagged>
                <value>false</value>
            </tagged>
            <arcpath id="000" x="582" y="267" curvePoint="false"/>
            <arcpath id="001" x="582" y="161" curvePoint="false"/>
            <type value="normal"/>
        </arc>
        <arc id="T3 to P3" source="T3" target="P3">
            <graphics/>
            <inscription>
                <value>Default,1</value>
                <graphics/>
            </inscription>
            <tagged>
                <value>false</value>
            </tagged>
            <arcpath id="000" x="586" y="282" curvePoint="false"/>
            <arcpath id="001" x="612" y="282" curvePoint="false"/>
            <type value="normal"/>
        </arc>
        <arc id="T4(TREN VIAJANDO) to P4" source="T4(TREN VIAJANDO)" target="P4">
            <graphics/>
            <inscription>
                <value>Default,1</value>
                <graphics/>
            </inscription>
            <tagged>
                <value>false</value>
            </tagged>
            <arcpath id="000" x="691" y="282" curvePoint="false"/>
            <arcpath id="001" x="717" y="282" curvePoint="false"/>
            <type value="normal"/>
        </arc>
        <arc id="T5 to P5" source="T5" target="P5">
            <graphics/>
            <inscription>
                <value>Default,1</value>
                <graphics/>
            </inscription>
            <tagged>
                <value>false</value>
            </tagged>
            <arcpath id="000" x="871" y="282" curvePoint="false"/>
            <arcpath id="001" x="927" y="282" curvePoint="false"/>
            <type value="normal"/>
        </arc>
        <arc id="T6 to P16" source="T6" target="P16">
            <graphics/>
            <inscription>
                <value>Default,1</value>
                <graphics/>
            </inscription>
            <tagged>
                <value>false</value>
            </tagged>
            <arcpath id="000" x="116" y="537" curvePoint="false"/>
            <arcpath id="001" x="312" y="523" curvePoint="false"/>
            <type value="normal"/>
        </arc>
        <arc id="T6 to P6" source="T6" target="P6">
            <graphics/>
            <inscription>
                <value>Default,1</value>
                <graphics/>
            </inscription>
            <tagged>
                <value>false</value>
            </tagged>
            <arcpath id="000" x="101" y="531" curvePoint="false"/>
            <arcpath id="001" x="101" y="416" curvePoint="false"/>
            <type value="normal"/>
        </arc>
        <arc id="T7(ESPERA DEL TREN) to P0" source="T7(ESPERA DEL TREN)" target="P0">
            <graphics/>
            <inscription>
                <value>Default,1</value>
                <graphics/>
            </inscription>
            <tagged>
                <value>false</value>
            </tagged>
            <arcpath id="000" x="105" y="277" curvePoint="false"/>
            <arcpath id="001" x="192" y="281" curvePoint="false"/>
            <type value="normal"/>
        </arc>
        <arc id="T8(GEN. PERSONAS) to P8" source="T8(GEN. PERSONAS)" target="P8">
            <graphics/>
            <inscription>
                <value>Default,1</value>
                <graphics/>
            </inscription>
            <tagged>
                <value>false</value>
            </tagged>
            <arcpath id="000" x="891" y="507" curvePoint="false"/>
            <arcpath id="001" x="851" y="507" curvePoint="false"/>
            <type value="normal"/>
        </arc>
        <arc id="T9 (BAJAR) to P9(LUG. VACIOS)" source="T9 (BAJAR)" target="P9(LUG. VACIOS)">
            <graphics/>
            <inscription>
                <value>Default,1</value>
                <graphics/>
            </inscription>
            <tagged>
                <value>false</value>
            </tagged>
            <arcpath id="000" x="582" y="462" curvePoint="false"/>
            <arcpath id="001" x="585" y="375" curvePoint="false"/>
            <arcpath id="002" x="687" y="372" curvePoint="false"/>
            <type value="normal"/>
        </arc>
    </net>
</pnml>
